firstName,contactNum,email,address
Lorrin,7601318068,lbraganca0@epa.gov,23 Schlimgen Lane
Alethea,9939281877,apaaso1@php.net,61784 Northfield Park
Robena,7065922902,rklauer2@uol.com.br,01468 Burrows Place
Persis,7468280829,psly3@google.pl,6059 Alpine Alley
Genna,7849962773,gallott4@google.de,30369 Hovde Plaza
MacAnellye,6427180682,smacanellye5@ucoz.com,28986 Algoma Street
Adel,4514456606,gadel6@w3.org,8272 Green Ridge Drive
Thyng,7041682823,cthyng7@omniture.com,6 Mayer Place
Wimp,5398223070,swimp8@symantec.com,0 Oak Alley
Scholcroft,8151593039,wscholcroft9@rakuten.co.jp,36 Tennessee Circle
Karl,4558375799,kbyfforda@comsenz.com,934 Oak Avenue
Folcarelli,8763500812,kfolcarellib@bloglines.com,6451 Rutledge Point
Dominique,2261546397,dlinfordc@goo.ne.jp,42138 Mcbride Park
Earlie,1309719035,etomekd@qq.com,770 Eastlawn Park
Bunni,4394830037,bcrooke@amazon.de,25423 Hagan Way
Loveguard,4098345446,bloveguardf@privacy.gov.au,769 Ludington Way
Berdale,7085500069,cberdaleg@flavors.me,5 Moulton Street
Van der Linde,2578303630,bvanderlindeh@thetimes.co.uk,11 Susan Crossing
Howat,7274743993,nhowati@aboutads.info,42 Rutledge Court
Olver,8343655392,molverj@answers.com,7 Utah Hill
Skells,4389868887,gskellsk@oaic.gov.au,88 Dovetail Road
Grissett,7467951629,jgrissettl@ox.ac.uk,38 Westport Parkway
Havenhand,1072698024,hhavenhandm@earthlink.net,974 Delaware Street
Moukes,4874737347,smoukesn@dropbox.com,0007 Ryan Lane
Spurnier,6813229894,bspurniero@marketwatch.com,80381 Dryden Drive
Wark,5629010981,dwarkp@photobucket.com,1150 Northridge Street
Caldwall,8915275642,bcaldwallq@csmonitor.com,3763 Boyd Alley
Tortoishell,2325601057,ktortoishellr@hatena.ne.jp,40135 Jenna Drive
Lyokhin,9934300124,nlyokhins@storify.com,96 Laurel Lane
Borrows,7838075679,sborrowst@mit.edu,4322 Ruskin Street
